Frey_Onset,WIC_Files,Frey_MLAT,Frey_MLT,SH1,SH2,SH3,SH1_Files,SH2_Files,SH3_Files
2000-05-28 23:16:33,wic20001492316.idl,67.93,20.61,2000-05-28 23:15:12,2000-05-28 23:16:06,2000-05-28 23:17:00,vis2000149231512.idl,vis2000149231606.idl,vis2000149231700.idl
2000-05-31 23:43:27,wic20001522343.idl,66.13,21.86,2000-05-31 23:42:07,2000-05-31 23:43:01,2000-05-31 23:43:55,vis2000152234207.idl,vis2000152234301.idl,vis2000152234355.idl
2000-06-23 13:07:29,wic20001751307.idl,69.44,23.48,2000-06-23 13:06:22,2000-06-23 13:07:16,2000-06-23 13:08:10,vis2000175130622.idl,vis2000175130716.idl,vis2000175130810.idl
2000-06-24 08:00:28,wic20001760800.idl,65.18,22.58,2000-06-24 07:59:24,2000-06-24 08:00:18,2000-06-24 08:01:12,vis2000176075924.idl,vis2000176080018.idl,vis2000176080112.idl
2000-06-25 20:33:32,wic20001772033.idl,67.98,23.13,2000-06-25 20:32:25,2000-06-25 20:33:19,2000-06-25 20:34:13,vis2000177203225.idl,vis2000177203319.idl,vis2000177203413.idl
2000-06-28 20:04:50,wic20001802004.idl,66.73,24.0,2000-06-28 20:03:32,2000-06-28 20:04:26,2000-06-28 20:05:22,vis2000180200332.idl,vis2000180200426.idl,vis2000180200522.idl
2000-06-28 20:49:46,wic20001802049.idl,66.24,20.39,2000-06-28 20:48:31,2000-06-28 20:49:25,2000-06-28 20:50:19,vis2000180204831.idl,vis2000180204925.idl,vis2000180205019.idl
2000-07-08 14:57:49,wic20001901457.idl,67.25,0.49,2000-07-08 14:56:10,2000-07-08 14:57:04,2000-07-08 15:00:11,vis2000190145610.idl,vis2000190145704.idl,vis2000190150011.idl
2000-07-30 11:49:10,wic20002121149.idl,65.64,0.53,2000-07-30 11:47:26,2000-07-30 11:48:20,2000-07-30 11:49:14,vis2000212114726.idl,vis2000212114820.idl,vis2000212114914.idl
2000-08-04 00:54:14,wic20002170054.idl,69.56,20.84,2000-08-04 00:52:48,2000-08-04 00:53:43,2000-08-04 00:54:37,vis2000217005248.idl,vis2000217005343.idl,vis2000217005437.idl
2000-08-05 12:02:35,wic20002181202.idl,63.49,22.11,2000-08-05 12:01:08,2000-08-05 12:02:02,2000-08-05 12:02:56,vis2000218120108.idl,vis2000218120202.idl,vis2000218120256.idl
2000-08-07 18:10:23,wic20002201810.idl,66.47,22.32,2000-08-07 18:08:49,2000-08-07 18:09:43,2000-08-07 18:10:37,vis2000220180943.idl,vis2000220180943.idl,vis2000220181037.idl
2000-08-08 12:36:38,wic20002211236.idl,65.99,1.24,2000-08-08 12:35:37,2000-08-08 12:36:32,2000-08-08 12:37:26,vis2000221123537.idl,vis2000221123632.idl,vis2000221123726.idl
2000-08-10 20:10:13,wic20002232010.idl,63.27,1.24,2000-08-10 20:08:57,2000-08-10 20:09:51,2000-08-10 20:10:45,vis2000223200857.idl,vis2000223200951.idl,vis2000223201045.idl
2000-08-13 19:20:16,wic20002261920.idl,64.49,1.47,2000-08-13 19:18:38,2000-08-13 19:19:32,2000-08-13 19:20:26,vis2000226191838.idl,vis2000226191932.idl,vis2000226192026.idl
2000-08-19 01:00:04,wic20002320100.idl,67.61,23.95,2000-08-19 00:58:20,2000-08-19 00:59:14,2000-08-19 01:04:33,vis2000232005820.idl,vis2000232005914.idl,vis2000232010433.idl
2000-08-29 15:25:46,wic20002421525.idl,65.56,22.33,2000-08-29 15:24:38,2000-08-29 15:25:32,2000-08-29 15:26:26,vis2000242152438.idl,vis2000242152532.idl,vis2000242152626.idl
2000-09-01 16:16:44,wic20002451616.idl,67.43,21.78,2000-09-01 16:15:41,2000-09-01 16:16:34,2000-09-01 16:17:28,vis2000245161541.idl,vis2000245161634.idl,vis2000245161728.idl
2000-09-02 08:39:59,wic20002460839.idl,63.54,23.07,2000-09-02 08:38:46,2000-09-02 08:39:40,2000-09-02 08:40:34,vis2000246083846.idl,vis2000246083940.idl,vis2000246084034.idl
2000-09-04 17:29:54,wic20002481729.idl,64.9,22.22,2000-09-04 17:28:18,2000-09-04 17:29:12,2000-09-04 17:30:06,vis2000248172818.idl,vis2000248172912.idl,vis2000248173006.idl
2000-09-06 21:13:14,wic20002502113.idl,65.4,21.54,2000-09-06 21:08:49,2000-09-06 21:09:44,2000-09-06 21:15:02,vis2000250210944.idl,vis2000250210944.idl,vis2000250211502.idl
2000-09-12 04:05:23,wic20002560405.idl,65.91,22.21,2000-09-12 04:03:53,2000-09-12 04:04:47,2000-09-12 04:05:41,vis2000256040353.idl,vis2000256040447.idl,vis2000256040541.idl
2000-09-13 16:07:30,wic20002571607.idl,65.64,22.28,2000-09-13 16:03:25,2000-09-13 16:04:19,2000-09-13 16:09:37,vis2000257160325.idl,vis2000257160419.idl,vis2000257160937.idl
2000-09-18 04:10:12,wic20002620410.idl,58.38,22.99,2000-09-18 04:09:06,2000-09-18 04:10:00,2000-09-18 04:10:54,vis2000262040906.idl,vis2000262041000.idl,vis2000262041054.idl
2000-09-21 04:38:03,wic20002650438.idl,66.52,1.02,2000-09-21 04:34:25,2000-09-21 04:35:19,2000-09-21 04:38:26,vis2000265043425.idl,vis2000265043519.idl,vis2000265043826.idl
2000-10-10 02:41:34,wic20002840241.idl,65.36,23.37,2000-10-10 02:40:19,2000-10-10 02:41:13,2000-10-10 02:42:07,vis2000284024019.idl,vis2000284024113.idl,vis2000284024207.idl
2000-10-19 05:15:42,wic20002930515.idl,66.75,22.64,2000-10-19 05:14:07,2000-10-19 05:15:01,2000-10-19 05:15:55,vis2000293051407.idl,vis2000293051501.idl,vis2000293051555.idl
2000-10-26 19:56:32,wic20003001956.idl,67.85,23.11,2000-10-26 19:55:32,2000-10-26 19:56:27,2000-10-26 19:57:21,vis2000300195532.idl,vis2000300195627.idl,vis2000300195721.idl
2000-10-29 01:34:36,wic20003030134.idl,58.3,23.62,2000-10-29 01:32:31,2000-10-29 01:33:25,2000-10-29 01:37:13,vis2000303013231.idl,vis2000303013325.idl,vis2000303013713.idl
2000-10-29 19:01:16,wic20003031901.idl,60.81,21.6,2000-10-29 18:59:53,2000-10-29 19:00:47,2000-10-29 19:02:24,vis2000303185953.idl,vis2000303190047.idl,vis2000303190224.idl
2000-10-31 10:20:54,wic20003051020.idl,63.9,21.78,2000-10-31 10:19:24,2000-10-31 10:20:18,2000-10-31 10:21:12,vis2000305101924.idl,vis2000305102018.idl,vis2000305102112.idl
2000-11-05 17:46:37,wic20003101746.idl,66.42,22.29,2000-11-05 17:45:38,2000-11-05 17:46:32,2000-11-05 17:47:26,vis2000310174538.idl,vis2000310174632.idl,vis2000310174726.idl
2000-11-06 09:25:13,wic20003110925.idl,65.62,19.91,2000-11-06 09:23:25,2000-11-06 09:24:19,2000-11-06 09:25:13,vis2000311092325.idl,vis2000311092419.idl,vis2000311092513.idl
2000-11-06 10:49:01,wic20003111049.idl,65.04,22.05,2000-11-06 10:45:10,2000-11-06 10:48:58,2000-11-06 10:49:52,vis2000311104510.idl,vis2000311104858.idl,vis2000311104952.idl
2000-11-08 16:38:31,wic20003131638.idl,65.99,23.47,2000-11-08 16:35:01,2000-11-08 16:35:55,2000-11-08 16:39:43,vis2000313163555.idl,vis2000313163555.idl,vis2000313163943.idl
2000-11-08 17:41:50,wic20003131741.idl,65.26,23.94,2000-11-08 17:39:26,2000-11-08 17:40:20,2000-11-08 17:41:56,vis2000313173926.idl,vis2000313174020.idl,vis2000313174156.idl
2000-11-08 18:37:01,wic20003131837.idl,66.79,22.4,2000-11-08 18:35:39,2000-11-08 18:36:33,2000-11-08 18:37:27,vis2000313183633.idl,vis2000313183633.idl,vis2000313183727.idl
2000-11-11 17:31:23,wic20003161731.idl,65.84,22.76,2000-11-11 17:29:10,2000-11-11 17:30:04,2000-11-11 17:31:41,vis2000316172910.idl,vis2000316173004.idl,vis2000316173141.idl
2000-11-28 11:04:56,wic20003331104.idl,63.96,22.74,2000-11-28 11:03:16,2000-11-28 11:04:10,2000-11-28 11:05:46,vis2000333110316.idl,vis2000333110410.idl,vis2000333110546.idl
2000-11-30 15:02:04,wic20003351502.idl,68.07,22.95,2000-11-30 15:00:59,2000-11-30 15:01:53,2000-11-30 15:03:29,vis2000335150059.idl,vis2000335150153.idl,vis2000335150329.idl
2000-12-01 10:22:15,wic20003361022.idl,67.08,21.74,2000-12-01 10:21:06,2000-12-01 10:22:00,2000-12-01 10:22:54,vis2000336102106.idl,vis2000336102200.idl,vis2000336102254.idl
2000-12-03 18:12:44,wic20003381812.idl,62.61,21.77,2000-12-03 18:10:15,2000-12-03 18:11:51,2000-12-03 18:12:46,vis2000338181015.idl,vis2000338181151.idl,vis2000338181246.idl
2000-12-04 11:22:09,wic20003391122.idl,66.17,21.29,2000-12-04 11:20:26,2000-12-04 11:21:20,2000-12-04 11:22:14,vis2000339112026.idl,vis2000339112120.idl,vis2000339112214.idl
2000-12-07 10:50:17,wic20003421050.idl,66.23,22.42,2000-12-07 10:49:00,2000-12-07 10:49:54,2000-12-07 10:51:30,vis2000342104900.idl,vis2000342104954.idl,vis2000342105130.idl
2000-12-09 01:05:06,wic20003440105.idl,66.28,23.16,2000-12-09 01:03:59,2000-12-09 01:04:54,2000-12-09 01:06:30,vis2000344010359.idl,vis2000344010454.idl,vis2000344010630.idl
2000-12-11 07:20:01,wic20003460720.idl,73.09,20.9,2000-12-11 07:18:32,2000-12-11 07:19:26,2000-12-11 07:20:20,vis2000346071832.idl,vis2000346071926.idl,vis2000346072020.idl
2000-12-20 08:12:13,wic20003550812.idl,71.09,23.59,2000-12-20 08:10:26,2000-12-20 08:11:20,2000-12-20 08:15:08,vis2000355081026.idl,vis2000355081120.idl,vis2000355081508.idl
2000-12-20 10:10:53,wic20003551010.idl,69.47,22.71,2000-12-20 10:09:03,2000-12-20 10:10:39,2000-12-20 10:11:33,vis2000355100903.idl,vis2000355101039.idl,vis2000355101133.idl
2000-12-26 10:01:09,wic20003611001.idl,65.83,0.31,2000-12-26 10:00:09,2000-12-26 10:01:03,2000-12-26 10:01:58,vis2000361100009.idl,vis2000361100103.idl,vis2000361100158.idl
2000-12-28 16:27:14,wic20003631627.idl,66.48,22.36,2000-12-28 16:25:07,2000-12-28 16:26:43,2000-12-28 16:27:37,vis2000363162507.idl,vis2000363162643.idl,vis2000363162737.idl
2000-12-30 22:39:06,wic20003652239.idl,68.02,23.97,2000-12-30 22:38:05,2000-12-30 22:38:59,2000-12-30 22:39:53,vis2000365223805.idl,vis2000365223859.idl,vis2000365223953.idl
2001-01-04 15:27:03,wic20010041527.idl,64.1,23.76,2001-01-04 15:25:39,2001-01-04 15:26:33,2001-01-04 15:27:27,vis2001004152539.idl,vis2001004152633.idl,vis2001004152727.idl
2001-01-05 08:04:14,wic20010050804.idl,69.91,0.33,2001-01-05 08:03:11,2001-01-05 08:04:05,2001-01-05 08:04:59,vis2001005080311.idl,vis2001005080405.idl,vis2001005080459.idl
2001-01-06 02:29:54,wic20010060229.idl,68.86,23.61,2001-01-06 02:28:08,2001-01-06 02:29:44,2001-01-06 02:30:38,vis2001006022808.idl,vis2001006022944.idl,vis2001006023038.idl
2001-01-08 09:55:40,wic20010080955.idl,68.29,0.38,2001-01-08 09:54:31,2001-01-08 09:55:25,2001-01-08 09:56:20,vis2001008095431.idl,vis2001008095525.idl,vis2001008095620.idl
2001-01-10 14:27:31,wic20010101427.idl,68.2,23.65,2001-01-10 14:25:23,2001-01-10 14:26:59,2001-01-10 14:27:53,vis2001010142523.idl,vis2001010142659.idl,vis2001010142753.idl
2001-01-14 09:12:40,wic20010140912.idl,70.18,22.78,2001-01-14 09:11:21,2001-01-14 09:12:15,2001-01-14 09:13:09,vis2001014091121.idl,vis2001014091215.idl,vis2001014091309.idl
2001-01-21 06:59:32,wic20010210659.idl,65.22,0.53,2001-01-21 06:58:21,2001-01-21 06:59:15,2001-01-21 07:00:09,vis2001021065821.idl,vis2001021065915.idl,vis2001021070009.idl
2001-01-22 00:11:34,wic20010220011.idl,61.48,23.94,2001-01-22 00:10:23,2001-01-22 00:11:17,2001-01-22 00:12:11,vis2001022001023.idl,vis2001022001117.idl,vis2001022001211.idl
2001-01-24 06:46:14,wic20010240646.idl,64.65,0.38,2001-01-24 06:43:46,2001-01-24 06:44:40,2001-01-24 06:46:16,vis2001024064346.idl,vis2001024064440.idl,vis2001024064616.idl
2001-01-24 09:01:19,wic20010240901.idl,66.53,22.23,2001-01-24 08:59:15,2001-01-24 09:00:51,2001-01-24 09:01:45,vis2001024085915.idl,vis2001024090051.idl,vis2001024090145.idl
2001-01-25 17:34:49,wic20010251734.idl,66.88,22.13,2001-01-25 17:32:18,2001-01-25 17:33:55,2001-01-25 17:34:49,vis2001025173218.idl,vis2001025173355.idl,vis2001025173449.idl
2001-02-02 08:55:48,wic20010330855.idl,67.38,23.61,2001-02-02 08:54:31,2001-02-02 08:55:25,2001-02-02 08:57:02,vis2001033085431.idl,vis2001033085525.idl,vis2001033085702.idl
2001-02-02 09:53:06,wic20010330953.idl,67.2,22.65,2001-02-02 09:50:44,2001-02-02 09:51:38,2001-02-02 09:53:14,vis2001033095044.idl,vis2001033095138.idl,vis2001033095314.idl
2001-02-05 09:31:13,wic20010360931.idl,68.5,23.38,2001-02-05 09:29:58,2001-02-05 09:30:52,2001-02-05 09:31:46,vis2001036092958.idl,vis2001036093052.idl,vis2001036093146.idl
2001-02-06 19:57:41,wic20010371957.idl,66.24,22.39,2001-02-06 19:55:28,2001-02-06 19:56:22,2001-02-06 19:57:58,vis2001037195528.idl,vis2001037195622.idl,vis2001037195758.idl
2001-02-08 09:39:54,wic20010390939.idl,64.71,23.44,2001-02-08 09:37:25,2001-02-08 09:39:01,2001-02-08 09:39:55,vis2001039093725.idl,vis2001039093901.idl,vis2001039093955.idl
2001-02-13 16:10:10,wic20010441610.idl,68.04,22.21,2001-02-13 16:08:30,2001-02-13 16:09:24,2001-02-13 16:10:18,vis2001044160830.idl,vis2001044160924.idl,vis2001044161018.idl
2001-02-15 06:09:07,wic20010460609.idl,66.48,0.11,2001-02-15 06:06:42,2001-02-15 06:07:36,2001-02-15 06:09:12,vis2001046060642.idl,vis2001046060736.idl,vis2001046060912.idl
2001-02-18 06:47:51,wic20010490647.idl,68.8,0.91,2001-02-18 06:46:06,2001-02-18 06:47:42,2001-02-18 06:48:36,vis2001049064606.idl,vis2001049064742.idl,vis2001049064836.idl
2001-02-21 09:18:50,wic20010520918.idl,66.64,21.25,2001-02-21 09:17:24,2001-02-21 09:18:18,2001-02-21 09:19:12,vis2001052091724.idl,vis2001052091818.idl,vis2001052091912.idl
2001-02-25 18:54:51,wic20010561854.idl,67.75,22.78,2001-02-25 18:53:50,2001-02-25 18:54:44,2001-02-25 18:55:38,vis2001056185350.idl,vis2001056185444.idl,vis2001056185538.idl
2001-02-27 07:12:24,wic20010580712.idl,63.46,23.71,2001-02-27 07:10:44,2001-02-27 07:11:38,2001-02-27 07:13:14,vis2001058071044.idl,vis2001058071138.idl,vis2001058071314.idl
2001-02-28 05:41:29,wic20010590541.idl,68.25,22.57,2001-02-28 05:39:43,2001-02-28 05:40:37,2001-02-28 05:41:31,vis2001059053943.idl,vis2001059054037.idl,vis2001059054131.idl
2001-03-03 04:46:46,wic20010620446.idl,69.61,21.95,2001-03-03 04:45:02,2001-03-03 04:45:56,2001-03-03 04:46:50,vis2001062044502.idl,vis2001062044556.idl,vis2001062044650.idl
2001-03-04 15:17:35,wic20010631517.idl,66.1,21.62,2001-03-04 15:16:08,2001-03-04 15:17:02,2001-03-04 15:17:57,vis2001063151608.idl,vis2001063151702.idl,vis2001063151757.idl
2001-03-07 00:37:24,wic20010660037.idl,69.06,23.22,2001-03-07 00:36:05,2001-03-07 00:36:59,2001-03-07 00:37:53,vis2001066003605.idl,vis2001066003659.idl,vis2001066003753.idl
2001-03-07 15:58:07,wic20010661558.idl,66.33,23.06,2001-03-07 15:56:53,2001-03-07 15:57:48,2001-03-07 15:58:42,vis2001066155653.idl,vis2001066155748.idl,vis2001066155842.idl
2001-03-12 23:25:56,wic20010712325.idl,63.22,22.68,2001-03-12 23:24:37,2001-03-12 23:25:31,2001-03-12 23:26:25,vis2001071232437.idl,vis2001071232531.idl,vis2001071232625.idl
2001-04-17 19:12:39,wic20011071912.idl,64.87,0.11,2001-04-17 19:11:11,2001-04-17 19:12:05,2001-04-17 19:12:59,vis2001107191111.idl,vis2001107191205.idl,vis2001107191259.idl
2001-04-19 05:30:02,wic20011090530.idl,66.95,22.5,2001-04-19 05:28:59,2001-04-19 05:29:53,2001-04-19 05:30:47,vis2001109052859.idl,vis2001109052953.idl,vis2001109053047.idl
2001-04-20 18:09:07,wic20011101809.idl,67.68,23.17,2001-04-20 18:08:00,2001-04-20 18:08:54,2001-04-20 18:09:48,vis2001110180800.idl,vis2001110180854.idl,vis2001110180948.idl
2001-04-22 07:49:04,wic20011120749.idl,65.37,23.11,2001-04-22 07:47:45,2001-04-22 07:48:39,2001-04-22 07:49:33,vis2001112074745.idl,vis2001112074839.idl,vis2001112074933.idl
2001-04-23 20:54:53,wic20011132054.idl,67.43,23.48,2001-04-23 20:53:57,2001-04-23 20:54:51,2001-04-23 20:55:45,vis2001113205451.idl,vis2001113205451.idl,vis2001113205545.idl
2001-04-26 20:43:17,wic20011162043.idl,67.43,22.15,2001-04-26 20:41:23,2001-04-26 20:42:17,2001-04-26 20:47:36,vis2001116204123.idl,vis2001116204217.idl,vis2001116204736.idl
2001-05-05 07:21:34,wic20011250721.idl,66.67,22.23,2001-05-05 07:19:56,2001-05-05 07:20:50,2001-05-05 07:21:45,vis2001125071956.idl,vis2001125072050.idl,vis2001125072145.idl
2001-05-07 12:52:40,wic20011271252.idl,65.36,22.25,2001-05-07 12:47:46,2001-05-07 12:48:40,2001-05-07 12:53:59,vis2001127124746.idl,vis2001127124840.idl,vis2001127125359.idl
2001-05-08 07:38:10,wic20011280738.idl,66.28,0.1,2001-05-08 07:36:40,2001-05-08 07:37:34,2001-05-08 07:38:28,vis2001128073640.idl,vis2001128073734.idl,vis2001128073828.idl
2001-05-09 04:35:06,wic20011290435.idl,61.92,21.55,2001-05-09 04:33:26,2001-05-09 04:34:20,2001-05-09 04:35:15,vis2001129043326.idl,vis2001129043420.idl,vis2001129043515.idl
2001-05-12 04:27:42,wic20011320427.idl,65.95,0.25,2001-05-12 04:26:11,2001-05-12 04:27:05,2001-05-12 04:27:59,vis2001132042611.idl,vis2001132042705.idl,vis2001132042759.idl
2001-05-12 21:20:49,wic20011322120.idl,64.02,0.08,2001-05-12 21:19:52,2001-05-12 21:20:46,2001-05-12 21:21:40,vis2001132211952.idl,vis2001132212046.idl,vis2001132212140.idl
2001-05-13 15:27:38,wic20011331527.idl,66.44,23.87,2001-05-13 15:26:42,2001-05-13 15:27:36,2001-05-13 15:28:31,vis2001133152642.idl,vis2001133152736.idl,vis2001133152831.idl
2001-05-18 06:45:29,wic20011380645.idl,68.49,23.73,2001-05-18 06:44:06,2001-05-18 06:45:00,2001-05-18 06:45:54,vis2001138064406.idl,vis2001138064500.idl,vis2001138064554.idl
2001-05-20 14:47:17,wic20011401447.idl,71.18,22.28,2001-05-20 14:46:22,2001-05-20 14:47:15,2001-05-20 14:48:09,vis2001140144622.idl,vis2001140144715.idl,vis2001140144809.idl
2001-05-28 03:29:46,wic20011480329.idl,73.25,19.44,2001-05-28 03:28:01,2001-05-28 03:28:56,2001-05-28 03:29:50,vis2001148032801.idl,vis2001148032856.idl,vis2001148032950.idl
2001-06-09 07:48:49,wic20011600748.idl,63.65,0.41,2001-06-09 07:47:14,2001-06-09 07:48:08,2001-06-09 07:49:02,vis2001160074714.idl,vis2001160074808.idl,vis2001160074902.idl
2001-06-10 21:30:16,wic20011612130.idl,69.72,20.83,2001-06-10 21:28:46,2001-06-10 21:29:40,2001-06-10 21:30:34,vis2001161212846.idl,vis2001161212940.idl,vis2001161213034.idl
2001-06-13 02:58:11,wic20011640258.idl,67.6,22.3,2001-06-13 02:57:02,2001-06-13 02:57:56,2001-06-13 02:58:50,vis2001164025702.idl,vis2001164025756.idl,vis2001164025850.idl
2001-07-02 04:29:18,wic20011830429.idl,66.81,0.22,2001-07-02 04:27:37,2001-07-02 04:28:31,2001-07-02 04:29:25,vis2001183042737.idl,vis2001183042831.idl,vis2001183042925.idl
2001-07-05 06:04:23,wic20011860604.idl,69.14,20.96,2001-07-05 06:02:51,2001-07-05 06:03:45,2001-07-05 06:04:40,vis2001186060251.idl,vis2001186060440.idl,vis2001186060440.idl
2001-07-07 13:21:31,wic20011881321.idl,68.42,22.03,2001-07-07 13:20:20,2001-07-07 13:21:14,2001-07-07 13:22:08,vis2001188132020.idl,vis2001188132114.idl,vis2001188132208.idl
2001-07-18 05:48:26,wic20011990548.idl,69.14,20.54,2001-07-18 05:47:29,2001-07-18 05:48:23,2001-07-18 05:50:11,vis2001199054729.idl,vis2001199054823.idl,vis2001199055011.idl
2001-07-23 13:12:43,wic20012041312.idl,67.08,21.71,2001-07-23 13:11:42,2001-07-23 13:12:36,2001-07-23 13:13:30,vis2001204131142.idl,vis2001204131236.idl,vis2001204131330.idl
2001-07-24 06:53:52,wic20012050653.idl,67.97,22.12,2001-07-24 06:52:49,2001-07-24 06:53:43,2001-07-24 06:54:37,vis2001205065249.idl,vis2001205065343.idl,vis2001205065437.idl
2001-07-31 22:23:59,wic20012122223.idl,63.8,23.79,2001-07-31 22:23:01,2001-07-31 22:23:55,2001-07-31 22:24:49,vis2001212222301.idl,vis2001212222355.idl,vis2001212222449.idl
2001-08-01 00:39:07,wic20012130039.idl,64.87,22.79,2001-08-01 00:37:42,2001-08-01 00:38:36,2001-08-01 00:39:30,vis2001213003742.idl,vis2001213003836.idl,vis2001213003930.idl
2001-08-01 16:03:02,wic20012131603.idl,65.96,0.19,2001-08-01 16:01:32,2001-08-01 16:02:26,2001-08-01 16:03:20,vis2001213160132.idl,vis2001213160226.idl,vis2001213160320.idl
2001-08-03 04:47:39,wic20012150447.idl,70.1,21.91,2001-08-03 04:46:42,2001-08-03 04:47:36,2001-08-03 04:48:30,vis2001215044642.idl,vis2001215044736.idl,vis2001215044830.idl
2001-08-03 07:08:55,wic20012150708.idl,68.73,22.55,2001-08-03 07:07:06,2001-08-03 07:08:00,2001-08-03 07:08:55,vis2001215070706.idl,vis2001215070800.idl,vis2001215070855.idl
2001-08-03 23:09:40,wic20012152309.idl,66.71,23.9,2001-08-03 23:07:55,2001-08-03 23:08:50,2001-08-03 23:09:44,vis2001215230755.idl,vis2001215230850.idl,vis2001215230944.idl
2001-08-07 01:19:07,wic20012190119.idl,67.71,21.66,2001-08-07 01:17:49,2001-08-07 01:18:43,2001-08-07 01:19:37,vis2001219011749.idl,vis2001219011843.idl,vis2001219011937.idl
2001-08-13 22:34:02,wic20012252234.idl,63.98,0.96,2001-08-13 22:32:51,2001-08-13 22:33:45,2001-08-13 22:34:39,vis2001225223251.idl,vis2001225223345.idl,vis2001225223439.idl
2001-08-14 16:08:51,wic20012261608.idl,68.86,21.9,2001-08-14 16:07:40,2001-08-14 16:08:34,2001-08-14 16:09:28,vis2001226160740.idl,vis2001226160834.idl,vis2001226160928.idl
2001-08-17 16:25:08,wic20012291625.idl,62.46,22.66,2001-08-17 16:24:13,2001-08-17 16:25:07,2001-08-17 16:26:01,vis2001229162413.idl,vis2001229162507.idl,vis2001229162601.idl
2001-08-23 01:47:49,wic20012350147.idl,63.71,22.88,2001-08-23 01:46:50,2001-08-23 01:47:44,2001-08-23 01:48:38,vis2001235014650.idl,vis2001235014744.idl,vis2001235014838.idl
2001-08-31 10:11:06,wic20012431011.idl,62.17,23.88,2001-08-31 10:09:56,2001-08-31 10:10:50,2001-08-31 10:11:44,vis2001243100956.idl,vis2001243101050.idl,vis2001243101144.idl
2001-09-05 00:06:33,wic20012480006.idl,66.05,1.5,2001-09-05 00:05:30,2001-09-05 00:06:24,2001-09-05 00:07:18,vis2001248000530.idl,vis2001248000624.idl,vis2001248000718.idl
2001-09-08 01:18:08,wic20012510118.idl,65.09,22.88,2001-09-08 01:16:55,2001-09-08 01:17:49,2001-09-08 01:18:43,vis2001251011655.idl,vis2001251011749.idl,vis2001251011843.idl
2001-09-10 08:30:39,wic20012530830.idl,68.4,23.71,2001-09-10 08:29:32,2001-09-10 08:30:26,2001-09-10 08:31:21,vis2001253082932.idl,vis2001253083026.idl,vis2001253083121.idl
2001-09-11 02:21:08,wic20012540221.idl,67.68,22.89,2001-09-11 02:20:08,2001-09-11 02:21:02,2001-09-11 02:21:56,vis2001254022008.idl,vis2001254022102.idl,vis2001254022156.idl
2001-10-09 07:49:14,wic20012820749.idl,63.9,20.77,2001-10-09 07:48:06,2001-10-09 07:49:00,2001-10-09 07:49:54,vis2001282074806.idl,vis2001282074900.idl,vis2001282074954.idl
2001-10-10 01:25:03,wic20012830125.idl,63.56,21.88,2001-10-10 01:24:01,2001-10-10 01:24:55,2001-10-10 01:26:31,vis2001283012401.idl,vis2001283012455.idl,vis2001283012631.idl
2001-10-21 16:48:22,wic20012941648.idl,66.93,22.76,2001-10-21 16:46:51,2001-10-21 16:47:45,2001-10-21 16:48:39,vis2001294164651.idl,vis2001294164745.idl,vis2001294164839.idl
2001-10-22 07:18:16,wic20012950718.idl,55.07,21.73,2001-10-22 07:17:17,2001-10-22 07:18:11,2001-10-22 07:19:04,vis2001295071717.idl,vis2001295071811.idl,vis2001295071904.idl
2001-10-22 10:44:56,wic20012951044.idl,58.61,21.92,2001-10-22 10:43:34,2001-10-22 10:44:28,2001-10-22 10:45:22,vis2001295104334.idl,vis2001295104428.idl,vis2001295104522.idl
2001-10-23 00:38:02,wic20012960038.idl,57.96,23.21,2001-10-23 00:37:05,2001-10-23 00:37:59,2001-10-23 00:38:53,vis2001296003705.idl,vis2001296003759.idl,vis2001296003853.idl
2001-10-23 03:19:39,wic20012960319.idl,60.55,21.74,2001-10-23 03:18:38,2001-10-23 03:19:32,2001-10-23 03:20:26,vis2001296031838.idl,vis2001296031932.idl,vis2001296032026.idl
2001-10-30 15:45:20,wic20013031545.idl,65.88,22.14,2001-10-30 15:43:19,2001-10-30 15:44:13,2001-10-30 15:45:49,vis2001303154319.idl,vis2001303154413.idl,vis2001303154549.idl
2001-10-31 10:00:38,wic20013041000.idl,69.45,22.73,2001-10-31 09:58:53,2001-10-31 09:59:47,2001-10-31 10:00:41,vis2001304095853.idl,vis2001304095947.idl,vis2001304100041.idl
2001-10-31 11:04:04,wic20013041104.idl,69.07,23.9,2001-10-31 11:02:36,2001-10-31 11:03:30,2001-10-31 11:04:24,vis2001304110236.idl,vis2001304110330.idl,vis2001304110424.idl
2001-11-01 07:45:10,wic20013050745.idl,65.65,20.01,2001-11-01 07:43:26,2001-11-01 07:44:20,2001-11-01 07:45:14,vis2001305074326.idl,vis2001305074420.idl,vis2001305074514.idl
2001-11-04 07:37:45,wic20013080737.idl,68.33,23.39,2001-11-04 07:35:20,2001-11-04 07:36:14,2001-11-04 07:37:50,vis2001308073520.idl,vis2001308073614.idl,vis2001308073750.idl
2001-11-04 10:13:19,wic20013081013.idl,64.88,0.05,2001-11-04 10:11:31,2001-11-04 10:12:25,2001-11-04 10:13:19,vis2001308101131.idl,vis2001308101225.idl,vis2001308101319.idl
2001-11-04 10:54:15,wic20013081054.idl,67.31,20.92,2001-11-04 10:52:50,2001-11-04 10:53:44,2001-11-04 10:54:38,vis2001308105250.idl,vis2001308105344.idl,vis2001308105438.idl
2001-11-05 20:02:39,wic20013092002.idl,59.6,0.05,2001-11-05 20:00:55,2001-11-05 20:01:50,2001-11-05 20:03:26,vis2001309200055.idl,vis2001309200150.idl,vis2001309200326.idl
2001-11-06 15:18:10,wic20013101518.idl,58.24,21.25,2001-11-06 15:15:40,2001-11-06 15:16:33,2001-11-06 15:18:10,vis2001310151540.idl,vis2001310151633.idl,vis2001310151810.idl
2001-11-06 16:54:22,wic20013101654.idl,61.25,2.53,2001-11-06 16:53:01,2001-11-06 16:53:55,2001-11-06 16:54:48,vis2001310165301.idl,vis2001310165355.idl,vis2001310165448.idl
2001-11-07 09:48:08,wic20013110948.idl,67.44,23.3,2001-11-07 09:46:52,2001-11-07 09:47:46,2001-11-07 09:49:23,vis2001311094652.idl,vis2001311094746.idl,vis2001311094923.idl
2001-11-07 11:32:33,wic20013111132.idl,67.46,23.98,2001-11-07 11:31:19,2001-11-07 11:32:14,2001-11-07 11:33:50,vis2001311113119.idl,vis2001311113214.idl,vis2001311113350.idl
2001-11-08 01:07:47,wic20013120107.idl,67.38,23.73,2001-11-08 01:06:24,2001-11-08 01:07:18,2001-11-08 01:08:12,vis2001312010624.idl,vis2001312010718.idl,vis2001312010812.idl
2001-11-08 04:26:19,wic20013120426.idl,67.3,0.86,2001-11-08 04:24:23,2001-11-08 04:25:18,2001-11-08 04:26:54,vis2001312042423.idl,vis2001312042518.idl,vis2001312042654.idl
2001-11-09 17:29:06,wic20013131729.idl,67.99,22.86,2001-11-09 17:27:20,2001-11-09 17:28:14,2001-11-09 17:29:50,vis2001313172720.idl,vis2001313172814.idl,vis2001313172950.idl
2001-11-10 11:38:49,wic20013141138.idl,68.87,0.11,2001-11-10 11:37:26,2001-11-10 11:38:20,2001-11-10 11:39:14,vis2001314113726.idl,vis2001314113820.idl,vis2001314113914.idl
2001-11-15 17:20:40,wic20013191720.idl,64.02,23.51,2001-11-15 17:19:37,2001-11-15 17:20:31,2001-11-15 17:21:25,vis2001319171937.idl,vis2001319172031.idl,vis2001319172125.idl
2001-11-22 16:52:19,wic20013261652.idl,68.91,23.26,2001-11-22 16:50:27,2001-11-22 16:52:03,2001-11-22 16:52:57,vis2001326165027.idl,vis2001326165203.idl,vis2001326165257.idl
2001-11-23 09:50:48,wic20013270950.idl,65.95,22.49,2001-11-23 09:49:50,2001-11-23 09:50:44,2001-11-23 09:51:38,vis2001327094950.idl,vis2001327095044.idl,vis2001327095138.idl
2001-11-24 04:11:14,wic20013280411.idl,67.77,22.72,2001-11-24 04:08:45,2001-11-24 04:09:40,2001-11-24 04:11:16,vis2001328040845.idl,vis2001328040940.idl,vis2001328041116.idl
2001-12-04 00:07:56,wic20013380007.idl,63.76,22.52,2001-12-04 00:06:25,2001-12-04 00:07:19,2001-12-04 00:08:13,vis2001338000625.idl,vis2001338000719.idl,vis2001338000813.idl
2001-12-04 19:26:06,wic20013381926.idl,63.35,23.93,2001-12-04 19:24:57,2001-12-04 19:25:52,2001-12-04 19:26:46,vis2001338192457.idl,vis2001338192552.idl,vis2001338192646.idl
2001-12-06 08:22:41,wic20013400822.idl,68.06,21.61,2001-12-06 08:21:35,2001-12-06 08:22:29,2001-12-06 08:23:23,vis2001340082135.idl,vis2001340082229.idl,vis2001340082323.idl
2001-12-06 10:17:25,wic20013401017.idl,63.74,23.2,2001-12-06 10:14:56,2001-12-06 10:16:32,2001-12-06 10:17:26,vis2001340101456.idl,vis2001340101632.idl,vis2001340101726.idl
2001-12-09 11:02:40,wic20013431102.idl,67.84,23.79,2001-12-09 11:01:20,2001-12-09 11:02:14,2001-12-09 11:03:08,vis2001343110120.idl,vis2001343110214.idl,vis2001343110308.idl
2001-12-10 02:00:45,wic20013440200.idl,68.79,0.77,2001-12-10 01:59:27,2001-12-10 02:00:21,2001-12-10 02:01:15,vis2001344015927.idl,vis2001344020021.idl,vis2001344020115.idl
2001-12-12 08:35:34,wic20013460835.idl,68.08,21.18,2001-12-12 08:34:21,2001-12-12 08:35:15,2001-12-12 08:36:51,vis2001346083421.idl,vis2001346083515.idl,vis2001346083651.idl
2001-12-12 09:37:03,wic20013460937.idl,62.85,20.55,2001-12-12 09:35:39,2001-12-12 09:36:33,2001-12-12 09:37:27,vis2001346093539.idl,vis2001346093633.idl,vis2001346093727.idl
2001-12-12 12:35:20,wic20013461235.idl,62.59,22.48,2001-12-12 12:34:14,2001-12-12 12:35:09,2001-12-12 12:36:03,vis2001346123414.idl,vis2001346123509.idl,vis2001346123603.idl
2001-12-14 18:17:04,wic20013481817.idl,67.49,1.63,2001-12-14 18:14:48,2001-12-14 18:15:42,2001-12-14 18:17:18,vis2001348181448.idl,vis2001348181542.idl,vis2001348181718.idl
2001-12-14 19:04:12,wic20013481904.idl,67.17,22.77,2001-12-14 19:01:44,2001-12-14 19:02:37,2001-12-14 19:04:13,vis2001348190144.idl,vis2001348190237.idl,vis2001348190413.idl
2001-12-15 13:27:17,wic20013491327.idl,63.39,22.54,2001-12-15 13:26:19,2001-12-15 13:27:13,2001-12-15 13:28:07,vis2001349132619.idl,vis2001349132713.idl,vis2001349132807.idl
2001-12-20 18:31:34,wic20013541831.idl,67.98,22.61,2001-12-20 18:30:17,2001-12-20 18:31:12,2001-12-20 18:32:06,vis2001354183017.idl,vis2001354183112.idl,vis2001354183206.idl
2001-12-20 21:15:30,wic20013542115.idl,68.34,23.44,2001-12-20 21:13:46,2001-12-20 21:15:22,2001-12-20 21:16:16,vis2001354211346.idl,vis2001354211522.idl,vis2001354211616.idl
2001-12-22 07:37:08,wic20013560737.idl,67.07,3.12,2001-12-22 07:35:12,2001-12-22 07:36:06,2001-12-22 07:37:42,vis2001356073512.idl,vis2001356073606.idl,vis2001356073742.idl
2001-12-22 10:10:50,wic20013561010.idl,65.41,21.39,2001-12-22 10:09:40,2001-12-22 10:10:34,2001-12-22 10:11:28,vis2001356100940.idl,vis2001356101034.idl,vis2001356101128.idl
2001-12-23 01:13:17,wic20013570113.idl,69.13,0.01,2001-12-23 01:10:35,2001-12-23 01:11:29,2001-12-23 01:17:29,vis2001357011035.idl,vis2001357011129.idl,vis2001357011729.idl
2001-12-23 03:55:13,wic20013570355.idl,70.67,22.41,2001-12-23 03:53:03,2001-12-23 03:53:57,2001-12-23 03:55:33,vis2001357035303.idl,vis2001357035357.idl,vis2001357035533.idl
2001-12-25 10:10:25,wic20013591010.idl,68.4,21.23,2001-12-25 10:08:44,2001-12-25 10:09:38,2001-12-25 10:10:32,vis2001359100844.idl,vis2001359100938.idl,vis2001359101032.idl
2002-01-02 19:36:38,wic20020021936.idl,66.38,22.76,2002-01-02 19:34:13,2002-01-02 19:35:49,2002-01-02 19:36:42,vis2002002193413.idl,vis2002002193549.idl,vis2002002193642.idl
2002-01-03 13:12:55,wic20020031312.idl,68.97,0.29,2002-01-03 13:11:36,2002-01-03 13:12:29,2002-01-03 13:14:06,vis2002003131136.idl,vis2002003131229.idl,vis2002003131406.idl
2002-01-04 10:21:05,wic20020041021.idl,68.97,21.59,2002-01-04 10:19:54,2002-01-04 10:20:48,2002-01-04 10:21:42,vis2002004101954.idl,vis2002004102048.idl,vis2002004102142.idl
2002-01-05 01:07:18,wic20020050107.idl,69.2,23.95,2002-01-05 01:05:36,2002-01-05 01:06:30,2002-01-05 01:07:24,vis2002005010536.idl,vis2002005010630.idl,vis2002005010724.idl
2002-01-05 20:05:42,wic20020052005.idl,68.79,0.34,2002-01-05 20:04:26,2002-01-05 20:05:20,2002-01-05 20:06:14,vis2002005200426.idl,vis2002005200520.idl,vis2002005200614.idl
2002-01-07 09:11:50,wic20020070911.idl,66.8,23.94,2002-01-07 09:10:23,2002-01-07 09:11:17,2002-01-07 09:12:11,vis2002007091023.idl,vis2002007091117.idl,vis2002007091211.idl
2002-01-08 01:13:57,wic20020080113.idl,68.89,0.26,2002-01-08 01:12:33,2002-01-08 01:13:28,2002-01-08 01:14:22,vis2002008011233.idl,vis2002008011328.idl,vis2002008011422.idl
2002-01-09 16:08:49,wic20020091608.idl,70.53,22.73,2002-01-09 16:07:09,2002-01-09 16:08:03,2002-01-09 16:08:57,vis2002009160709.idl,vis2002009160803.idl,vis2002009160857.idl
2002-01-10 08:02:43,wic20020100802.idl,67.44,0.61,2002-01-10 08:01:02,2002-01-10 08:01:56,2002-01-10 08:02:50,vis2002010080102.idl,vis2002010080156.idl,vis2002010080250.idl
2002-01-10 12:04:39,wic20020101204.idl,62.55,23.86,2002-01-10 12:02:32,2002-01-10 12:03:26,2002-01-10 12:05:02,vis2002010120232.idl,vis2002010120326.idl,vis2002010120502.idl
2002-01-12 16:19:44,wic20020121619.idl,65.04,0.44,2002-01-12 16:18:25,2002-01-12 16:19:19,2002-01-12 16:20:55,vis2002012161825.idl,vis2002012161919.idl,vis2002012162055.idl
2002-01-12 17:10:58,wic20020121710.idl,68.9,21.68,2002-01-12 17:09:15,2002-01-12 17:10:09,2002-01-12 17:11:03,vis2002012170915.idl,vis2002012171009.idl,vis2002012171103.idl
2002-01-13 11:22:19,wic20020131122.idl,65.48,22.45,2002-01-13 11:20:10,2002-01-13 11:21:46,2002-01-13 11:22:40,vis2002013112010.idl,vis2002013112146.idl,vis2002013112240.idl
2002-01-17 23:50:27,wic20020172350.idl,65.71,0.59,2002-01-17 23:48:55,2002-01-17 23:49:49,2002-01-17 23:50:43,vis2002017234855.idl,vis2002017234949.idl,vis2002017235043.idl
2002-01-18 02:42:40,wic20020180242.idl,68.09,21.52,2002-01-18 02:41:42,2002-01-18 02:42:36,2002-01-18 02:43:30,vis2002018024142.idl,vis2002018024236.idl,vis2002018024330.idl
2002-01-19 12:45:55,wic20020191245.idl,63.67,23.09,2002-01-19 12:44:54,2002-01-19 12:45:47,2002-01-19 12:46:41,vis2002019124454.idl,vis2002019124547.idl,vis2002019124641.idl
2002-01-20 10:16:43,wic20020201016.idl,66.29,23.96,2002-01-20 10:15:01,2002-01-20 10:15:55,2002-01-20 10:16:49,vis2002020101501.idl,vis2002020101555.idl,vis2002020101649.idl
2002-01-21 02:16:51,wic20020210216.idl,63.25,1.35,2002-01-21 02:15:16,2002-01-21 02:16:11,2002-01-21 02:17:05,vis2002021021516.idl,vis2002021021611.idl,vis2002021021705.idl
2002-01-21 19:51:18,wic20020211951.idl,63.68,1.45,2002-01-21 19:48:53,2002-01-21 19:49:47,2002-01-21 19:51:23,vis2002021194853.idl,vis2002021194947.idl,vis2002021195123.idl
2002-01-21 21:39:56,wic20020212139.idl,66.94,0.12,2002-01-21 21:38:39,2002-01-21 21:39:33,2002-01-21 21:40:26,vis2002021213839.idl,vis2002021213933.idl,vis2002021214026.idl
2002-01-24 04:33:02,wic20020240433.idl,65.58,2.67,2002-01-24 04:31:39,2002-01-24 04:32:33,2002-01-24 04:33:27,vis2002024043139.idl,vis2002024043233.idl,vis2002024043327.idl
2002-01-24 20:41:20,wic20020242041.idl,69.37,23.26,2002-01-24 20:39:19,2002-01-24 20:41:01,2002-01-24 20:41:55,vis2002024203919.idl,vis2002024204101.idl,vis2002024204155.idl
2002-01-26 09:43:33,wic20020260943.idl,67.19,23.57,2002-01-26 09:41:59,2002-01-26 09:42:53,2002-01-26 09:43:47,vis2002026094159.idl,vis2002026094253.idl,vis2002026094347.idl
2002-01-27 04:48:12,wic20020270448.idl,70.45,21.58,2002-01-27 04:46:57,2002-01-27 04:47:51,2002-01-27 04:48:45,vis2002027044657.idl,vis2002027044751.idl,vis2002027044845.idl
2002-01-27 21:12:48,wic20020272112.idl,67.55,1.78,2002-01-27 21:10:50,2002-01-27 21:11:44,2002-01-27 21:13:26,vis2002027211050.idl,vis2002027211144.idl,vis2002027211326.idl
2002-01-28 16:55:02,wic20020281655.idl,67.85,23.81,2002-01-28 16:54:00,2002-01-28 16:54:54,2002-01-28 16:55:48,vis2002028165400.idl,vis2002028165454.idl,vis2002028165548.idl
2002-01-29 09:48:27,wic20020290948.idl,69.87,21.33,2002-01-29 09:46:36,2002-01-29 09:47:30,2002-01-29 09:49:12,vis2002029094636.idl,vis2002029094730.idl,vis2002029094912.idl
2002-01-31 00:51:35,wic20020310051.idl,67.42,23.86,2002-01-31 00:50:18,2002-01-31 00:51:13,2002-01-31 00:52:07,vis2002031005018.idl,vis2002031005113.idl,vis2002031005207.idl
2002-02-01 11:11:10,wic20020321111.idl,62.52,0.29,2002-02-01 11:09:12,2002-02-01 11:10:54,2002-02-01 11:11:48,vis2002032110912.idl,vis2002032111054.idl,vis2002032111148.idl
2002-02-01 12:55:43,wic20020321255.idl,63.31,0.39,2002-02-01 12:53:09,2002-02-01 12:54:03,2002-02-01 12:55:45,vis2002032125309.idl,vis2002032125403.idl,vis2002032125545.idl
2002-02-02 10:18:16,wic20020331018.idl,59.46,1.16,2002-02-02 10:14:28,2002-02-02 10:15:22,2002-02-02 10:19:16,vis2002033101428.idl,vis2002033101522.idl,vis2002033101916.idl
2002-02-03 01:51:40,wic20020340151.idl,64.25,23.21,2002-02-03 01:48:12,2002-02-03 01:49:06,2002-02-03 01:53:00,vis2002034014812.idl,vis2002034014906.idl,vis2002034015300.idl
2002-02-03 03:40:20,wic20020340340.idl,67.81,23.34,2002-02-03 03:38:04,2002-02-03 03:38:58,2002-02-03 03:40:40,vis2002034033804.idl,vis2002034033858.idl,vis2002034034040.idl
2002-02-06 19:04:03,wic20020371904.idl,65.88,23.58,2002-02-06 19:02:27,2002-02-06 19:03:21,2002-02-06 19:04:15,vis2002037190227.idl,vis2002037190321.idl,vis2002037190415.idl
2002-02-08 09:19:51,wic20020390919.idl,65.83,22.47,2002-02-08 09:18:32,2002-02-08 09:19:28,2002-02-08 09:20:22,vis2002039091832.idl,vis2002039091928.idl,vis2002039092022.idl
2002-02-08 10:41:51,wic20020391041.idl,70.19,22.62,2002-02-08 10:40:23,2002-02-08 10:41:17,2002-02-08 10:42:11,vis2002039104023.idl,vis2002039104117.idl,vis2002039104211.idl
2002-02-09 02:23:25,wic20020400223.idl,68.7,21.92,2002-02-09 02:21:02,2002-02-09 02:21:56,2002-02-09 02:28:02,vis2002040022102.idl,vis2002040022156.idl,vis2002040022802.idl
2002-02-09 08:05:40,wic20020400805.idl,67.94,22.71,2002-02-09 08:04:13,2002-02-09 08:05:07,2002-02-09 08:06:49,vis2002040080413.idl,vis2002040080507.idl,vis2002040080649.idl
2002-02-11 11:29:16,wic20020421129.idl,64.56,23.54,2002-02-11 11:27:46,2002-02-11 11:28:40,2002-02-11 11:29:34,vis2002042112746.idl,vis2002042112840.idl,vis2002042112934.idl
2002-02-12 05:21:59,wic20020430521.idl,64.73,23.44,2002-02-12 05:20:34,2002-02-12 05:21:28,2002-02-12 05:22:22,vis2002043052034.idl,vis2002043052128.idl,vis2002043052222.idl
2002-02-12 06:17:18,wic20020430617.idl,66.14,23.39,2002-02-12 06:15:42,2002-02-12 06:16:36,2002-02-12 06:17:30,vis2002043061542.idl,vis2002043061636.idl,vis2002043061730.idl
2002-02-13 16:14:40,wic20020441614.idl,63.86,21.26,2002-02-13 16:13:27,2002-02-13 16:14:21,2002-02-13 16:15:15,vis2002044161327.idl,vis2002044161421.idl,vis2002044161515.idl
2002-02-14 13:05:39,wic20020451305.idl,67.74,22.32,2002-02-14 13:03:02,2002-02-14 13:03:56,2002-02-14 13:05:39,vis2002045130302.idl,vis2002045130356.idl,vis2002045130539.idl
2002-02-15 05:58:47,wic20020460558.idl,70.26,22.72,2002-02-15 05:56:54,2002-02-15 05:58:36,2002-02-15 05:59:30,vis2002046055654.idl,vis2002046055836.idl,vis2002046055930.idl
2002-02-16 02:07:21,wic20020470207.idl,68.27,23.15,2002-02-16 02:05:40,2002-02-16 02:06:34,2002-02-16 02:07:28,vis2002047020540.idl,vis2002047020634.idl,vis2002047020728.idl
2002-02-19 20:13:58,wic20020502013.idl,65.72,22.28,2002-02-19 20:12:28,2002-02-19 20:13:22,2002-02-19 20:14:16,vis2002050201228.idl,vis2002050201322.idl,vis2002050201416.idl
2002-02-22 02:29:03,wic20020530229.idl,64.66,0.84,2002-02-22 02:28:03,2002-02-22 02:28:57,2002-02-22 02:29:51,vis2002053022803.idl,vis2002053022857.idl,vis2002053022951.idl
2002-02-24 08:33:47,wic20020550833.idl,66.37,0.06,2002-02-24 08:31:59,2002-02-24 08:32:53,2002-02-24 08:33:47,vis2002055083159.idl,vis2002055083253.idl,vis2002055083347.idl
2002-02-24 09:35:15,wic20020550935.idl,67.15,22.85,2002-02-24 09:33:24,2002-02-24 09:34:18,2002-02-24 09:36:00,vis2002055093324.idl,vis2002055093418.idl,vis2002055093600.idl
2002-02-24 11:32:05,wic20020551132.idl,66.2,22.3,2002-02-24 11:30:45,2002-02-24 11:31:39,2002-02-24 11:32:33,vis2002055113045.idl,vis2002055113139.idl,vis2002055113233.idl
2002-02-25 07:52:03,wic20020560752.idl,65.9,22.95,2002-02-25 07:49:58,2002-02-25 07:51:39,2002-02-25 07:52:33,vis2002056074958.idl,vis2002056075139.idl,vis2002056075233.idl
2002-02-27 12:53:06,wic20020581253.idl,66.67,23.08,2002-02-27 12:51:41,2002-02-27 12:52:35,2002-02-27 12:53:29,vis2002058125141.idl,vis2002058125235.idl,vis2002058125329.idl
2002-02-28 04:58:56,wic20020590458.idl,67.01,22.5,2002-02-28 04:56:33,2002-02-28 04:58:15,2002-02-28 04:59:09,vis2002059045633.idl,vis2002059045815.idl,vis2002059045909.idl
2002-03-03 06:01:06,wic20020620601.idl,55.42,1.47,2002-03-03 05:59:47,2002-03-03 06:00:41,2002-03-03 06:01:35,vis2002062055947.idl,vis2002062060041.idl,vis2002062060135.idl
2002-03-04 02:29:46,wic20020630229.idl,63.25,0.61,2002-03-04 02:28:01,2002-03-04 02:28:55,2002-03-04 02:29:49,vis2002063022801.idl,vis2002063022855.idl,vis2002063022949.idl
2002-03-04 19:57:28,wic20020631957.idl,63.65,22.67,2002-03-04 19:56:10,2002-03-04 19:57:04,2002-03-04 19:57:59,vis2002063195610.idl,vis2002063195704.idl,vis2002063195759.idl
2002-03-05 11:55:00,wic20020641155.idl,66.17,20.87,2002-03-05 11:53:12,2002-03-05 11:54:06,2002-03-05 11:55:00,vis2002064115312.idl,vis2002064115406.idl,vis2002064115500.idl
2002-03-05 14:04:04,wic20020641404.idl,64.04,21.93,2002-03-05 14:03:03,2002-03-05 14:03:56,2002-03-05 14:05:39,vis2002064140303.idl,vis2002064140356.idl,vis2002064140539.idl
2002-03-07 18:50:07,wic20020661850.idl,66.82,23.04,2002-03-07 18:47:36,2002-03-07 18:48:30,2002-03-07 18:50:12,vis2002066184736.idl,vis2002066184830.idl,vis2002066185012.idl
2002-04-11 08:19:54,wic20021010819.idl,66.55,23.8,2002-04-11 08:18:11,2002-04-11 08:19:05,2002-04-11 08:19:59,vis2002101081811.idl,vis2002101081905.idl,vis2002101081959.idl
2002-04-18 05:30:42,wic20021080530.idl,59.14,22.8,2002-04-18 05:29:15,2002-04-18 05:30:09,2002-04-18 05:31:03,vis2002108052915.idl,vis2002108053009.idl,vis2002108053103.idl
2002-04-27 09:21:01,wic20021170921.idl,67.26,22.25,2002-04-27 09:19:41,2002-04-27 09:20:36,2002-04-27 09:21:30,vis2002117091941.idl,vis2002117092036.idl,vis2002117092130.idl
2002-06-03 18:56:27,wic20021541856.idl,65.58,0.62,2002-06-03 18:55:06,2002-06-03 18:56:00,2002-06-03 18:56:54,vis2002154185506.idl,vis2002154185600.idl,vis2002154185654.idl
2002-06-06 02:04:16,wic20021570204.idl,67.67,22.54,2002-06-06 02:02:59,2002-06-06 02:03:53,2002-06-06 02:04:47,vis2002157020259.idl,vis2002157020353.idl,vis2002157020447.idl
2002-06-12 22:51:16,wic20021632251.idl,68.56,22.24,2002-06-12 22:49:39,2002-06-12 22:50:33,2002-06-12 22:51:27,vis2002163224939.idl,vis2002163225033.idl,vis2002163225127.idl
2002-06-19 01:55:52,wic20021700155.idl,68.77,19.59,2002-06-19 01:54:07,2002-06-19 01:55:01,2002-06-19 01:55:55,vis2002170015407.idl,vis2002170015501.idl,vis2002170015555.idl
2002-07-18 01:58:34,wic20021990158.idl,67.22,21.84,2002-07-18 01:57:34,2002-07-18 01:58:28,2002-07-18 01:59:22,vis2002199015734.idl,vis2002199015828.idl,vis2002199015922.idl
2002-10-09 17:35:42,wic20022821735.idl,62.55,0.09,2002-10-09 17:34:25,2002-10-09 17:35:19,2002-10-09 17:37:01,vis2002282173425.idl,vis2002282173519.idl,vis2002282173701.idl
2002-10-16 18:32:50,wic20022891832.idl,64.56,21.97,2002-10-16 18:31:07,2002-10-16 18:32:01,2002-10-16 18:33:49,vis2002289183107.idl,vis2002289183201.idl,vis2002289183349.idl
2002-10-17 14:16:44,wic20022901416.idl,65.68,0.17,2002-10-17 14:14:56,2002-10-17 14:15:50,2002-10-17 14:17:38,vis2002290141456.idl,vis2002290141550.idl,vis2002290141738.idl
2002-10-18 03:02:20,wic20022910302.idl,64.61,0.23,2002-10-18 02:58:32,2002-10-18 03:01:38,2002-10-18 03:03:26,vis2002291025832.idl,vis2002291030138.idl,vis2002291030326.idl
2002-10-19 19:05:41,wic20022921905.idl,65.1,19.93,2002-10-19 19:04:16,2002-10-19 19:05:10,2002-10-19 19:06:04,vis2002292190416.idl,vis2002292190510.idl,vis2002292190604.idl
2002-10-19 20:54:25,wic20022922054.idl,66.13,23.81,2002-10-19 20:52:27,2002-10-19 20:54:15,2002-10-19 20:55:09,vis2002292205227.idl,vis2002292205415.idl,vis2002292205509.idl
2002-10-22 19:22:32,wic20022951922.idl,63.83,23.37,2002-10-22 19:20:45,2002-10-22 19:21:39,2002-10-22 19:23:27,vis2002295192045.idl,vis2002295192139.idl,vis2002295192327.idl
2002-10-22 20:03:34,wic20022952003.idl,67.8,22.78,2002-10-22 20:01:19,2002-10-22 20:02:13,2002-10-22 20:04:01,vis2002295200119.idl,vis2002295200213.idl,vis2002295200401.idl
2002-10-23 10:58:28,wic20022961058.idl,68.11,23.43,2002-10-23 10:56:16,2002-10-23 10:58:06,2002-10-23 10:59:00,vis2002296105616.idl,vis2002296105806.idl,vis2002296105900.idl
2002-10-24 11:18:01,wic20022971118.idl,62.01,19.2,2002-10-24 11:16:49,2002-10-24 11:17:44,2002-10-24 11:18:38,vis2002297111649.idl,vis2002297111744.idl,vis2002297111838.idl
2002-10-24 13:58:03,wic20022971358.idl,60.06,21.83,2002-10-24 13:56:24,2002-10-24 13:57:19,2002-10-24 13:58:13,vis2002297135624.idl,vis2002297135719.idl,vis2002297135813.idl
2002-10-25 20:29:00,wic20022982029.idl,64.47,1.22,2002-10-25 20:27:41,2002-10-25 20:28:35,2002-10-25 20:29:29,vis2002298202741.idl,vis2002298202835.idl,vis2002298202929.idl
2002-10-28 03:58:47,wic20023010358.idl,65.85,1.81,2002-10-28 03:56:05,2002-10-28 03:56:59,2002-10-28 03:58:48,vis2002301035605.idl,vis2002301035659.idl,vis2002301035848.idl
2002-10-28 04:58:17,wic20023010458.idl,67.58,22.88,2002-10-28 04:56:54,2002-10-28 04:57:48,2002-10-28 04:58:42,vis2002301045654.idl,vis2002301045748.idl,vis2002301045842.idl
2002-10-28 20:13:50,wic20023012013.idl,62.78,22.8,2002-10-28 20:12:06,2002-10-28 20:13:00,2002-10-28 20:13:54,vis2002301201206.idl,vis2002301201300.idl,vis2002301201354.idl
2002-10-31 05:40:55,wic20023040540.idl,63.36,23.81,2002-10-31 05:39:53,2002-10-31 05:40:47,2002-10-31 05:41:41,vis2002304053953.idl,vis2002304054047.idl,vis2002304054141.idl
2002-11-02 10:39:35,wic20023061039.idl,65.31,23.99,2002-11-02 10:36:54,2002-11-02 10:38:42,2002-11-02 10:39:36,vis2002306103654.idl,vis2002306103842.idl,vis2002306103936.idl
2002-11-02 13:56:34,wic20023061356.idl,60.33,22.37,2002-11-02 13:55:15,2002-11-02 13:56:10,2002-11-02 13:57:04,vis2002306135515.idl,vis2002306135610.idl,vis2002306135704.idl
2002-11-03 04:10:47,wic20023070410.idl,63.33,19.28,2002-11-03 04:09:34,2002-11-03 04:10:28,2002-11-03 04:11:22,vis2002307040934.idl,vis2002307041028.idl,vis2002307041122.idl
2002-11-04 19:18:04,wic20023081918.idl,61.46,0.82,2002-11-04 19:16:50,2002-11-04 19:17:44,2002-11-04 19:18:38,vis2002308191650.idl,vis2002308191744.idl,vis2002308191838.idl
2002-11-04 22:02:16,wic20023082202.idl,62.69,22.38,2002-11-04 22:00:56,2002-11-04 22:01:50,2002-11-04 22:02:44,vis2002308220056.idl,vis2002308220150.idl,vis2002308220244.idl
2002-11-05 11:12:56,wic20023091112.idl,68.91,21.02,2002-11-05 11:08:18,2002-11-05 11:12:19,2002-11-05 11:13:13,vis2002309110818.idl,vis2002309111219.idl,vis2002309111313.idl
2002-11-06 04:29:48,wic20023100429.idl,64.83,23.23,2002-11-06 04:28:52,2002-11-06 04:29:46,2002-11-06 04:30:40,vis2002310042852.idl,vis2002310042946.idl,vis2002310043040.idl
2002-11-07 21:32:27,wic20023112132.idl,63.94,22.29,2002-11-07 21:29:50,2002-11-07 21:31:38,2002-11-07 21:32:32,vis2002311212950.idl,vis2002311213138.idl,vis2002311213232.idl
2002-11-08 11:38:38,wic20023121138.idl,67.82,22.86,2002-11-08 11:37:32,2002-11-08 11:38:26,2002-11-08 11:40:14,vis2002312113732.idl,vis2002312113826.idl,vis2002312114014.idl
2002-11-10 05:45:01,wic20023140545.idl,62.73,0.77,2002-11-10 05:43:14,2002-11-10 05:44:08,2002-11-10 05:45:02,vis2002314054314.idl,vis2002314054408.idl,vis2002314054502.idl
2002-11-10 18:16:52,wic20023141816.idl,67.35,0.1,2002-11-10 18:15:04,2002-11-10 18:15:58,2002-11-10 18:16:52,vis2002314181504.idl,vis2002314181558.idl,vis2002314181652.idl
2002-11-13 06:07:27,wic20023170607.idl,65.29,0.63,2002-11-13 06:06:16,2002-11-13 06:07:10,2002-11-13 06:08:04,vis2002317060616.idl,vis2002317060710.idl,vis2002317060804.idl
2002-11-13 20:13:50,wic20023172013.idl,67.58,23.97,2002-11-13 20:12:28,2002-11-13 20:13:22,2002-11-13 20:14:16,vis2002317201228.idl,vis2002317201322.idl,vis2002317201416.idl
2002-11-15 13:56:07,wic20023191356.idl,66.68,23.51,2002-11-15 13:55:02,2002-11-15 13:55:56,2002-11-15 13:56:50,vis2002319135502.idl,vis2002319135556.idl,vis2002319135650.idl
2002-11-20 17:17:10,wic20023241717.idl,62.8,1.25,2002-11-20 17:15:35,2002-11-20 17:16:29,2002-11-20 17:18:17,vis2002324171535.idl,vis2002324171629.idl,vis2002324171817.idl
2002-11-20 20:13:49,wic20023242013.idl,55.79,23.68,2002-11-20 20:12:42,2002-11-20 20:13:36,2002-11-20 20:14:30,vis2002324201242.idl,vis2002324201336.idl,vis2002324201430.idl
2002-11-21 11:11:48,wic20023251111.idl,58.31,0.61,2002-11-21 11:09:59,2002-11-21 11:10:54,2002-11-21 11:11:48,vis2002325110959.idl,vis2002325111054.idl,vis2002325111148.idl
2002-11-21 14:04:15,wic20023251404.idl,61.46,21.84,2002-11-21 14:03:06,2002-11-21 14:04:00,2002-11-21 14:04:54,vis2002325140306.idl,vis2002325140400.idl,vis2002325140454.idl
2002-11-23 06:02:37,wic20023270602.idl,73.45,22.75,2002-11-23 06:00:52,2002-11-23 06:01:46,2002-11-23 06:02:40,vis2002327060052.idl,vis2002327060146.idl,vis2002327060240.idl
2002-11-23 19:03:35,wic20023271903.idl,68.55,19.18,2002-11-23 19:01:56,2002-11-23 19:02:50,2002-11-23 19:03:44,vis2002327190156.idl,vis2002327190250.idl,vis2002327190344.idl
2002-11-24 12:31:36,wic20023281231.idl,67.03,22.78,2002-11-24 12:30:30,2002-11-24 12:31:24,2002-11-24 12:32:18,vis2002328123030.idl,vis2002328123124.idl,vis2002328123218.idl
2002-11-25 12:38:39,wic20023291238.idl,60.15,22.4,2002-11-25 12:36:52,2002-11-25 12:37:46,2002-11-25 12:38:41,vis2002329123652.idl,vis2002329123746.idl,vis2002329123841.idl
2002-11-26 06:21:08,wic20023300621.idl,66.34,23.73,2002-11-26 06:20:09,2002-11-26 06:21:03,2002-11-26 06:21:57,vis2002330062009.idl,vis2002330062103.idl,vis2002330062157.idl
2002-11-26 07:14:31,wic20023300714.idl,67.95,23.2,2002-11-26 07:13:21,2002-11-26 07:14:15,2002-11-26 07:15:09,vis2002330071321.idl,vis2002330071415.idl,vis2002330071509.idl
2002-11-26 21:56:15,wic20023302156.idl,65.14,20.43,2002-11-26 21:54:36,2002-11-26 21:55:30,2002-11-26 21:56:24,vis2002330215436.idl,vis2002330215530.idl,vis2002330215624.idl
2002-11-28 13:28:29,wic20023321328.idl,66.87,23.92,2002-11-28 13:26:48,2002-11-28 13:27:42,2002-11-28 13:28:36,vis2002332132648.idl,vis2002332132742.idl,vis2002332132836.idl
2002-11-29 05:09:52,wic20023330509.idl,66.83,21.57,2002-11-29 05:08:57,2002-11-29 05:09:51,2002-11-29 05:10:45,vis2002333050857.idl,vis2002333050951.idl,vis2002333051045.idl
2002-11-29 06:09:25,wic20023330609.idl,68.54,19.46,2002-11-29 06:08:04,2002-11-29 06:08:58,2002-11-29 06:09:52,vis2002333060804.idl,vis2002333060858.idl,vis2002333060952.idl
2002-11-29 20:08:07,wic20023332008.idl,66.27,23.26,2002-11-29 20:06:33,2002-11-29 20:07:27,2002-11-29 20:08:21,vis2002333200633.idl,vis2002333200727.idl,vis2002333200821.idl
2002-12-01 11:22:00,wic20023351122.idl,58.28,20.83,2002-12-01 11:20:35,2002-12-01 11:21:29,2002-12-01 11:22:23,vis2002335112035.idl,vis2002335112129.idl,vis2002335112223.idl
2002-12-01 13:19:07,wic20023351319.idl,64.57,0.07,2002-12-01 13:17:48,2002-12-01 13:18:42,2002-12-01 13:19:36,vis2002335131748.idl,vis2002335131842.idl,vis2002335131936.idl
2002-12-01 14:02:15,wic20023351402.idl,67.23,21.85,2002-12-01 14:00:10,2002-12-01 14:01:59,2002-12-01 14:02:53,vis2002335140010.idl,vis2002335140159.idl,vis2002335140253.idl
2002-12-01 15:05:56,wic20023351505.idl,67.61,18.99,2002-12-01 15:04:11,2002-12-01 15:05:06,2002-12-01 15:06:54,vis2002335150411.idl,vis2002335150506.idl,vis2002335150654.idl
2002-12-02 04:17:28,wic20023360417.idl,72.03,21.96,2002-12-02 04:16:28,2002-12-02 04:17:22,2002-12-02 04:19:10,vis2002336041628.idl,vis2002336041722.idl,vis2002336041910.idl
2002-12-04 12:02:30,wic20023381202.idl,68.02,21.69,2002-12-04 12:00:51,2002-12-04 12:01:45,2002-12-04 12:02:39,vis2002338120051.idl,vis2002338120145.idl,vis2002338120239.idl
2002-12-04 13:34:58,wic20023381334.idl,65.13,21.79,2002-12-04 13:33:43,2002-12-04 13:34:37,2002-12-04 13:35:31,vis2002338133343.idl,vis2002338133437.idl,vis2002338133531.idl
2002-12-06 22:19:57,wic20023402219.idl,66.39,23.19,2002-12-06 22:18:05,2002-12-06 22:18:59,2002-12-06 22:20:48,vis2002340221805.idl,vis2002340221859.idl,vis2002340222048.idl
2002-12-07 12:45:37,wic20023411245.idl,64.94,23.42,2002-12-07 12:44:24,2002-12-07 12:45:18,2002-12-07 12:46:12,vis2002341124424.idl,vis2002341124518.idl,vis2002341124612.idl
2002-12-07 13:47:14,wic20023411347.idl,64.9,23.8,2002-12-07 13:44:48,2002-12-07 13:46:36,2002-12-07 13:47:31,vis2002341134448.idl,vis2002341134636.idl,vis2002341134731.idl
2002-12-09 22:34:37,wic20023432234.idl,71.07,22.01,2002-12-09 22:32:52,2002-12-09 22:33:46,2002-12-09 22:34:40,vis2002343223252.idl,vis2002343223346.idl,vis2002343223440.idl
2002-12-17 15:44:41,wic20023511544.idl,69.11,23.61,2002-12-17 15:42:54,2002-12-17 15:43:49,2002-12-17 15:44:43,vis2002351154254.idl,vis2002351154349.idl,vis2002351154443.idl
2002-12-20 11:58:17,wic20023541158.idl,67.4,22.83,2002-12-20 11:56:34,2002-12-20 11:57:28,2002-12-20 11:58:22,vis2002354115634.idl,vis2002354115728.idl,vis2002354115822.idl
2002-12-20 14:24:14,wic20023541424.idl,68.42,19.9,2002-12-20 14:22:37,2002-12-20 14:23:31,2002-12-20 14:24:25,vis2002354142237.idl,vis2002354142331.idl,vis2002354142425.idl
2002-12-22 23:11:00,wic20023562311.idl,67.43,21.62,2002-12-22 23:09:37,2002-12-22 23:10:31,2002-12-22 23:11:25,vis2002356230937.idl,vis2002356231031.idl,vis2002356231125.idl
2002-12-23 14:38:44,wic20023571438.idl,59.14,21.93,2002-12-23 14:37:02,2002-12-23 14:37:56,2002-12-23 14:38:50,vis2002357143702.idl,vis2002357143756.idl,vis2002357143850.idl
2002-12-25 07:23:06,wic20023590723.idl,64.02,22.21,2002-12-25 07:22:10,2002-12-25 07:23:04,2002-12-25 07:23:58,vis2002359072210.idl,vis2002359072304.idl,vis2002359072358.idl
2002-12-31 04:59:16,wic20023650459.idl,70.15,23.36,2002-12-31 04:57:33,2002-12-31 04:58:27,2002-12-31 04:59:21,vis2002365045733.idl,vis2002365045827.idl,vis2002365045921.idl
